{
  "annotations": {
    "list": [
      {
        "builtIn": 1,
        "datasource": {
          "type": "grafana",
          "uid": "-- Grafana --"
        },
        "enable": true,
        "hide": true,
        "iconColor": "rgba(0, 211, 255, 1)",
        "name": "Annotations & Alerts",
        "target": {
          "limit": 100,
          "matchAny": false,
          "tags": [],
          "type": "dashboard"
        },
        "type": "dashboard"
      }
    ]
  },
  "description": "Shows ASP.NET metrics from OpenTelemetry NuGet",
  "editable": true,
  "fiscalYearStartMonth": 0,
  "graphTooltip": 0,
  "id": 9,
  "links": [],
  "liveNow": false,
  "panels": [
    {
      "collapsed": false,
      "gridPos": {
        "h": 1,
        "w": 24,
        "x": 0,
        "y": 0
      },
      "id": 15,
      "panels": [],
      "title": "Process",
      "type": "row"
    },
    {
      "datasource": {
        "type": "prometheus",
        "uid": "prom"
      },
      "fieldConfig": {
        "defaults": {
          "color": {
            "mode": "palette-classic"
          },
          "custom": {
            "axisCenteredZero": false,
            "axisColorMode": "text",
            "axisLabel": "",
            "axisPlacement": "auto",
            "barAlignment": 0,
            "drawStyle": "line",
            "fillOpacity": 90,
            "gradientMode": "opacity",
            "hideFrom": {
              "legend": false,
              "tooltip": false,
              "viz": false
            },
            "lineInterpolation": "smooth",
            "lineWidth": 1,
            "pointSize": 5,
            "scaleDistribution": {
              "type": "linear"
            },
            "showPoints": "never",
            "spanNulls": false,
            "stacking": {
              "group": "A",
              "mode": "normal"
            },
            "thresholdsStyle": {
              "mode": "off"
            }
          },
          "mappings": [],
          "min": 0,
          "thresholds": {
            "mode": "absolute",
            "steps": [
              {
                "color": "green",
                "value": null
              }
            ]
          },
          "unit": "percentunit"
        },
        "overrides": [
          {
            "matcher": {
              "id": "byName",
              "options": "system"
            },
            "properties": [
              {
                "id": "color",
                "value": {
                  "fixedColor": "dark-orange",
                  "mode": "fixed"
                }
              }
            ]
          },
          {
            "matcher": {
              "id": "byName",
              "options": "user"
            },
            "properties": [
              {
                "id": "color",
                "value": {
                  "fixedColor": "dark-green",
                  "mode": "fixed"
                }
              }
            ]
          }
        ]
      },
      "gridPos": {
        "h": 9,
        "w": 11,
        "x": 0,
        "y": 1
      },
      "id": 19,
      "options": {
        "legend": {
          "calcs": [
            "lastNotNull",
            "min",
            "max",
            "mean"
          ],
          "displayMode": "table",
          "placement": "bottom",
          "showLegend": true
        },
        "tooltip": {
          "mode": "multi",
          "sort": "none"
        }
      },
      "targets": [
        {
          "datasource": {
            "type": "prometheus",
            "uid": "prom"
          },
          "editorMode": "code",
          "expr": "irate(process_cpu_time{exported_job=\"$exported_job\", exported_instance=\"$exported_instance\"}[$__rate_interval])",
          "legendFormat": "__auto",
          "range": true,
          "refId": "CPU Usage"
        }
      ],
      "title": "CPU Usage",
      "transformations": [
        {
          "id": "labelsToFields",
          "options": {
            "keepLabels": [
              "state"
            ],
            "valueLabel": "state"
          }
        }
      ],
      "type": "timeseries"
    },
    {
      "datasource": {
        "type": "prometheus",
        "uid": "prom"
      },
      "fieldConfig": {
        "defaults": {
          "color": {
            "fixedColor": "dark-green",
            "mode": "fixed"
          },
          "custom": {
            "axisCenteredZero": false,
            "axisColorMode": "text",
            "axisLabel": "",
            "axisPlacement": "auto",
            "barAlignment": 0,
            "drawStyle": "line",
            "fillOpacity": 90,
            "gradientMode": "opacity",
            "hideFrom": {
              "legend": false,
              "tooltip": false,
              "viz": false
            },
            "lineInterpolation": "smooth",
            "lineStyle": {
              "fill": "solid"
            },
            "lineWidth": 1,
            "pointSize": 5,
            "scaleDistribution": {
              "type": "linear"
            },
            "showPoints": "never",
            "spanNulls": false,
            "stacking": {
              "group": "A",
              "mode": "none"
            },
            "thresholdsStyle": {
              "mode": "off"
            }
          },
          "mappings": [],
          "min": 0,
          "thresholds": {
            "mode": "absolute",
            "steps": [
              {
                "color": "green",
                "value": null
              }
            ]
          },
          "unit": "bytes"
        },
        "overrides": []
      },
      "gridPos": {
        "h": 9,
        "w": 10,
        "x": 11,
        "y": 1
      },
      "id": 16,
      "options": {
        "legend": {
          "calcs": [
            "lastNotNull",
            "min",
            "max",
            "mean"
          ],
          "displayMode": "table",
          "placement": "bottom",
          "showLegend": true
        },
        "tooltip": {
          "mode": "single",
          "sort": "none"
        }
      },
      "targets": [
        {
          "datasource": {
            "type": "prometheus",
            "uid": "prom"
          },
          "editorMode": "code",
          "expr": "max_over_time(process_memory_usage{exported_job=\"$exported_job\", exported_instance=\"$exported_instance\"}[$__rate_interval])",
          "legendFormat": "Memory Usage",
          "range": true,
          "refId": "Memory Usage"
        }
      ],
      "title": "Memory Usage",
      "type": "timeseries"
    },
    {
      "datasource": {
        "type": "prometheus",
        "uid": "prom"
      },
      "description": "",
      "fieldConfig": {
        "defaults": {
          "color": {
            "mode": "thresholds"
          },
          "mappings": [],
          "min": 0,
          "thresholds": {
            "mode": "absolute",
            "steps": [
              {
                "color": "dark-green",
                "value": null
              },
              {
                "color": "dark-yellow",
                "value": 50
              },
              {
                "color": "dark-orange",
                "value": 100
              },
              {
                "color": "dark-red",
                "value": 150
              }
            ]
          },
          "unit": "none"
        },
        "overrides": []
      },
      "gridPos": {
        "h": 9,
        "w": 3,
        "x": 21,
        "y": 1
      },
      "id": 12,
      "options": {
        "colorMode": "value",
        "graphMode": "area",
        "justifyMode": "auto",
        "orientation": "auto",
        "reduceOptions": {
          "calcs": [
            "lastNotNull"
          ],
          "fields": "",
          "values": false
        },
        "textMode": "value"
      },
      "pluginVersion": "10.0.1",
      "targets": [
        {
          "datasource": {
            "type": "prometheus",
            "uid": "prom"
          },
          "editorMode": "code",
          "expr": "max_over_time(process_threads{exported_job=\"$exported_job\", exported_instance=\"$exported_instance\"}[$__rate_interval])",
          "legendFormat": "Threads",
          "range": true,
          "refId": "Threads"
        }
      ],
      "title": "Threads",
      "type": "stat"
    },
    {
      "collapsed": false,
      "gridPos": {
        "h": 1,
        "w": 24,
        "x": 0,
        "y": 10
      },
      "id": 2,
      "panels": [],
      "title": "Runtime",
      "type": "row"
    },
    {
      "datasource": {
        "type": "prometheus",
        "uid": "prom"
      },
      "fieldConfig": {
        "defaults": {
          "color": {
            "mode": "continuous-GrYlRd",
            "seriesBy": "max"
          },
          "custom": {
            "axisCenteredZero": false,
            "axisColorMode": "text",
            "axisLabel": "",
            "axisPlacement": "auto",
            "barAlignment": 0,
            "drawStyle": "line",
            "fillOpacity": 50,
            "gradientMode": "opacity",
            "hideFrom": {
              "legend": false,
              "tooltip": false,
              "viz": false
            },
            "lineInterpolation": "smooth",
            "lineStyle": {
              "fill": "solid"
            },
            "lineWidth": 1,
            "pointSize": 5,
            "scaleDistribution": {
              "type": "linear"
            },
            "showPoints": "never",
            "spanNulls": false,
            "stacking": {
              "group": "A",
              "mode": "none"
            },
            "thresholdsStyle": {
              "mode": "off"
            }
          },
          "mappings": [],
          "min": 0,
          "thresholds": {
            "mode": "absolute",
            "steps": [
              {
                "color": "green",
                "value": null
              },
              {
                "color": "red",
                "value": 80
              }
            ]
          },
          "unit": "bytes"
        },
        "overrides": []
      },
      "gridPos": {
        "h": 9,
        "w": 8,
        "x": 0,
        "y": 11
      },
      "id": 6,
      "options": {
        "legend": {
          "calcs": [
            "lastNotNull",
            "min",
            "max",
            "mean"
          ],
          "displayMode": "table",
          "placement": "bottom",
          "showLegend": true
        },
        "tooltip": {
          "mode": "multi",
          "sort": "none"
        }
      },
      "targets": [
        {
          "datasource": {
            "type": "prometheus",
            "uid": "prom"
          },
          "editorMode": "code",
          "expr": "max_over_time(process_runtime_dotnet_gc_committed_memory_size{exported_job=\"$exported_job\", exported_instance=\"$exported_instance\"}[$__rate_interval])",
          "hide": false,
          "legendFormat": "Committed Memory Size",
          "range": true,
          "refId": "Committed Memory Size"
        },
        {
          "datasource": {
            "type": "prometheus",
            "uid": "prom"
          },
          "editorMode": "code",
          "expr": "max_over_time(process_runtime_dotnet_gc_committed_memory_size{exported_job=\"$exported_job\", exported_instance=\"$exported_instance\"}[$__rate_interval])",
          "legendFormat": "Objects Size",
          "range": true,
          "refId": "Objects Size"
        },
        {
          "datasource": {
            "type": "prometheus",
            "uid": "prom"
          },
          "editorMode": "code",
          "exemplar": false,
          "expr": "irate(process_runtime_dotnet_gc_committed_memory_size{exported_job=\"$exported_job\", exported_instance=\"$exported_instance\"}[$__rate_interval])",
          "hide": false,
          "instant": false,
          "legendFormat": "Allocations Size",
          "range": true,
          "refId": "Allocations Size"
        }
      ],
      "title": "General Memory Usage",
      "type": "timeseries"
    },
    {
      "datasource": {
        "type": "prometheus",
        "uid": "prom"
      },
      "fieldConfig": {
        "defaults": {
          "color": {
            "fixedColor": "text",
            "mode": "fixed"
          },
          "custom": {
            "axisCenteredZero": false,
            "axisColorMode": "text",
            "axisLabel": "",
            "axisPlacement": "auto",
            "barAlignment": 0,
            "drawStyle": "line",
            "fillOpacity": 60,
            "gradientMode": "none",
            "hideFrom": {
              "legend": false,
              "tooltip": false,
              "viz": false
            },
            "lineInterpolation": "smooth",
            "lineWidth": 0,
            "pointSize": 5,
            "scaleDistribution": {
              "type": "linear"
            },
            "showPoints": "never",
            "spanNulls": false,
            "stacking": {
              "group": "A",
              "mode": "normal"
            },
            "thresholdsStyle": {
              "mode": "off"
            }
          },
          "mappings": [],
          "min": 0,
          "thresholds": {
            "mode": "absolute",
            "steps": [
              {
                "color": "green",
                "value": null
              }
            ]
          },
          "unit": "bytes"
        },
        "overrides": [
          {
            "matcher": {
              "id": "byName",
              "options": "gen0"
            },
            "properties": [
              {
                "id": "color",
                "value": {
                  "fixedColor": "dark-green",
                  "mode": "fixed"
                }
              }
            ]
          },
          {
            "matcher": {
              "id": "byName",
              "options": "gen1"
            },
            "properties": [
              {
                "id": "color",
                "value": {
                  "fixedColor": "dark-yellow",
                  "mode": "fixed"
                }
              }
            ]
          },
          {
            "matcher": {
              "id": "byName",
              "options": "gen2"
            },
            "properties": [
              {
                "id": "color",
                "value": {
                  "fixedColor": "dark-red",
                  "mode": "fixed"
                }
              }
            ]
          },
          {
            "matcher": {
              "id": "byName",
              "options": "loh"
            },
            "properties": [
              {
                "id": "color",
                "value": {
                  "fixedColor": "dark-orange",
                  "mode": "fixed"
                }
              }
            ]
          },
          {
            "matcher": {
              "id": "byName",
              "options": "poh"
            },
            "properties": [
              {
                "id": "color",
                "value": {
                  "fixedColor": "dark-blue",
                  "mode": "fixed"
                }
              }
            ]
          }
        ]
      },
      "gridPos": {
        "h": 9,
        "w": 8,
        "x": 8,
        "y": 11
      },
      "id": 8,
      "options": {
        "legend": {
          "calcs": [],
          "displayMode": "list",
          "placement": "bottom",
          "showLegend": true
        },
        "tooltip": {
          "mode": "multi",
          "sort": "none"
        }
      },
      "targets": [
        {
          "datasource": {
            "type": "prometheus",
            "uid": "prom"
          },
          "editorMode": "code",
          "expr": "max_over_time(process_runtime_dotnet_gc_heap_size{exported_job=\"$exported_job\", exported_instance=\"$exported_instance\"}[$__rate_interval])",
          "legendFormat": "__auto",
          "range": true,
          "refId": "Heap Size"
        }
      ],
      "title": "Heap Generations (bytes)",
      "transformations": [
        {
          "id": "labelsToFields",
          "options": {
            "keepLabels": [
              "generation"
            ],
            "valueLabel": "generation"
          }
        }
      ],
      "type": "timeseries"
    },
    {
      "datasource": {
        "type": "prometheus",
        "uid": "prom"
      },
      "fieldConfig": {
        "defaults": {
          "color": {
            "fixedColor": "text",
            "mode": "fixed"
          },
          "custom": {
            "axisCenteredZero": false,
            "axisColorMode": "text",
            "axisLabel": "",
            "axisPlacement": "auto",
            "barAlignment": 0,
            "drawStyle": "line",
            "fillOpacity": 60,
            "gradientMode": "none",
            "hideFrom": {
              "legend": false,
              "tooltip": false,
              "viz": false
            },
            "lineInterpolation": "smooth",
            "lineWidth": 0,
            "pointSize": 5,
            "scaleDistribution": {
              "type": "linear"
            },
            "showPoints": "never",
            "spanNulls": false,
            "stacking": {
              "group": "A",
              "mode": "normal"
            },
            "thresholdsStyle": {
              "mode": "off"
            }
          },
          "mappings": [],
          "min": 0,
          "thresholds": {
            "mode": "absolute",
            "steps": [
              {
                "color": "green",
                "value": null
              }
            ]
          },
          "unit": "bytes"
        },
        "overrides": [
          {
            "matcher": {
              "id": "byName",
              "options": "gen0"
            },
            "properties": [
              {
                "id": "color",
                "value": {
                  "fixedColor": "dark-green",
                  "mode": "fixed"
                }
              }
            ]
          },
          {
            "matcher": {
              "id": "byName",
              "options": "gen1"
            },
            "properties": [
              {
                "id": "color",
                "value": {
                  "fixedColor": "dark-yellow",
                  "mode": "fixed"
                }
              }
            ]
          },
          {
            "matcher": {
              "id": "byName",
              "options": "gen2"
            },
            "properties": [
              {
                "id": "color",
                "value": {
                  "fixedColor": "dark-red",
                  "mode": "fixed"
                }
              }
            ]
          },
          {
            "matcher": {
              "id": "byName",
              "options": "loh"
            },
            "properties": [
              {
                "id": "color",
                "value": {
                  "fixedColor": "dark-orange",
                  "mode": "fixed"
                }
              }
            ]
          },
          {
            "matcher": {
              "id": "byName",
              "options": "poh"
            },
            "properties": [
              {
                "id": "color",
                "value": {
                  "fixedColor": "dark-blue",
                  "mode": "fixed"
                }
              }
            ]
          }
        ]
      },
      "gridPos": {
        "h": 9,
        "w": 8,
        "x": 16,
        "y": 11
      },
      "id": 9,
      "options": {
        "legend": {
          "calcs": [],
          "displayMode": "list",
          "placement": "bottom",
          "showLegend": true
        },
        "tooltip": {
          "mode": "multi",
          "sort": "none"
        }
      },
      "targets": [
        {
          "datasource": {
            "type": "prometheus",
            "uid": "prom"
          },
          "editorMode": "code",
          "expr": "max_over_time(process_runtime_dotnet_gc_heap_fragmentation_size{exported_job=\"$exported_job\", exported_instance=\"$exported_instance\"}[$__rate_interval])",
          "legendFormat": "__auto",
          "range": true,
          "refId": "Heap Fragmentation"
        }
      ],
      "title": "Heap Fragmentation (bytes)",
      "transformations": [
        {
          "id": "labelsToFields",
          "options": {
            "keepLabels": [
              "generation"
            ],
            "valueLabel": "generation"
          }
        }
      ],
      "type": "timeseries"
    },
    {
      "datasource": {
        "type": "prometheus",
        "uid": "prom"
      },
      "description": "",
      "fieldConfig": {
        "defaults": {
          "color": {
            "fixedColor": "green",
            "mode": "fixed"
          },
          "custom": {
            "axisCenteredZero": false,
            "axisColorMode": "text",
            "axisLabel": "",
            "axisPlacement": "auto",
            "barAlignment": -1,
            "drawStyle": "bars",
            "fillOpacity": 100,
            "gradientMode": "none",
            "hideFrom": {
              "legend": false,
              "tooltip": false,
              "viz": false
            },
            "lineInterpolation": "linear",
            "lineWidth": 0,
            "pointSize": 1,
            "scaleDistribution": {
              "type": "linear"
            },
            "showPoints": "never",
            "spanNulls": false,
            "stacking": {
              "group": "A",
              "mode": "normal"
            },
            "thresholdsStyle": {
              "mode": "off"
            }
          },
          "mappings": [
            {
              "options": {
                "0": {
                  "color": "transparent",
                  "index": 0,
                  "text": "None"
                }
              },
              "type": "value"
            }
          ],
          "min": 0,
          "thresholds": {
            "mode": "absolute",
            "steps": [
              {
                "color": "green",
                "value": null
              }
            ]
          },
          "unit": "none"
        },
        "overrides": [
          {
            "matcher": {
              "id": "byName",
              "options": "gen0"
            },
            "properties": [
              {
                "id": "color",
                "value": {
                  "fixedColor": "dark-green",
                  "mode": "fixed"
                }
              }
            ]
          },
          {
            "matcher": {
              "id": "byName",
              "options": "gen1"
            },
            "properties": [
              {
                "id": "color",
                "value": {
                  "fixedColor": "dark-yellow",
                  "mode": "fixed"
                }
              }
            ]
          },
          {
            "matcher": {
              "id": "byName",
              "options": "gen2"
            },
            "properties": [
              {
                "id": "color",
                "value": {
                  "fixedColor": "dark-red",
                  "mode": "fixed"
                }
              }
            ]
          }
        ]
      },
      "gridPos": {
        "h": 9,
        "w": 8,
        "x": 0,
        "y": 20
      },
      "id": 4,
      "options": {
        "legend": {
          "calcs": [],
          "displayMode": "list",
          "placement": "bottom",
          "showLegend": true
        },
        "tooltip": {
          "mode": "multi",
          "sort": "none"
        }
      },
      "pluginVersion": "9.3.2",
      "targets": [
        {
          "datasource": {
            "type": "prometheus",
            "uid": "prom"
          },
          "editorMode": "code",
          "exemplar": false,
          "expr": "idelta(process_runtime_dotnet_gc_collections_count{exported_job=\"$exported_job\", exported_instance=\"$exported_instance\"}[$__rate_interval])",
          "hide": false,
          "instant": false,
          "legendFormat": "__auto",
          "range": true,
          "refId": "gc"
        }
      ],
      "title": "GC Collections",
      "transformations": [
        {
          "id": "labelsToFields",
          "options": {
            "keepLabels": [
              "generation"
            ],
            "mode": "columns",
            "valueLabel": "generation"
          }
        }
      ],
      "type": "timeseries"
    },
    {
      "datasource": {
        "type": "prometheus",
        "uid": "prom"
      },
      "description": "",
      "fieldConfig": {
        "defaults": {
          "color": {
            "fixedColor": "dark-red",
            "mode": "fixed"
          },
          "custom": {
            "axisCenteredZero": false,
            "axisColorMode": "text",
            "axisLabel": "",
            "axisPlacement": "auto",
            "barAlignment": 0,
            "drawStyle": "line",
            "fillOpacity": 90,
            "gradientMode": "opacity",
            "hideFrom": {
              "legend": false,
              "tooltip": false,
              "viz": false
            },
            "lineInterpolation": "smooth",
            "lineStyle": {
              "fill": "solid"
            },
            "lineWidth": 1,
            "pointSize": 5,
            "scaleDistribution": {
              "type": "linear"
            },
            "showPoints": "never",
            "spanNulls": false,
            "stacking": {
              "group": "A",
              "mode": "none"
            },
            "thresholdsStyle": {
              "mode": "off"
            }
          },
          "mappings": [],
          "min": 0,
          "thresholds": {
            "mode": "absolute",
            "steps": [
              {
                "color": "green",
                "value": null
              }
            ]
          },
          "unit": "none"
        },
        "overrides": []
      },
      "gridPos": {
        "h": 9,
        "w": 8,
        "x": 8,
        "y": 20
      },
      "id": 13,
      "options": {
        "legend": {
          "calcs": [],
          "displayMode": "list",
          "placement": "bottom",
          "showLegend": false
        },
        "tooltip": {
          "mode": "single",
          "sort": "none"
        }
      },
      "targets": [
        {
          "datasource": {
            "type": "prometheus",
            "uid": "prom"
          },
          "editorMode": "code",
          "expr": "increase(process_runtime_dotnet_exceptions_count{exported_job=\"$exported_job\", exported_instance=\"$exported_instance\"}[$__rate_interval])",
          "legendFormat": "Exceptions",
          "range": true,
          "refId": "Exceptions"
        }
      ],
      "title": "Exceptions",
      "type": "timeseries"
    },
    {
      "datasource": {
        "type": "prometheus",
        "uid": "prom"
      },
      "description": "",
      "fieldConfig": {
        "defaults": {
          "color": {
            "fixedColor": "dark-green",
            "mode": "fixed"
          },
          "mappings": [],
          "min": 0,
          "thresholds": {
            "mode": "absolute",
            "steps": [
              {
                "color": "green",
                "value": null
              }
            ]
          },
          "unit": "none"
        },
        "overrides": []
      },
      "gridPos": {
        "h": 9,
        "w": 4,
        "x": 16,
        "y": 20
      },
      "id": 11,
      "options": {
        "colorMode": "value",
        "graphMode": "area",
        "justifyMode": "auto",
        "orientation": "auto",
        "reduceOptions": {
          "calcs": [
            "lastNotNull"
          ],
          "fields": "",
          "values": false
        },
        "textMode": "auto"
      },
      "pluginVersion": "10.0.1",
      "targets": [
        {
          "datasource": {
            "type": "prometheus",
            "uid": "prom"
          },
          "editorMode": "code",
          "expr": "max_over_time(process_runtime_dotnet_thread_pool_threads_count{exported_job=\"$exported_job\", exported_instance=\"$exported_instance\"}[$__rate_interval])",
          "legendFormat": "ThreadPool Threads",
          "range": true,
          "refId": "ThreadPool Threads"
        }
      ],
      "title": "ThreadPool Threads",
      "type": "stat"
    },
    {
      "datasource": {
        "type": "prometheus",
        "uid": "prom"
      },
      "description": "",
      "fieldConfig": {
        "defaults": {
          "color": {
            "fixedColor": "dark-green",
            "mode": "fixed"
          },
          "mappings": [],
          "min": 0,
          "thresholds": {
            "mode": "absolute",
            "steps": [
              {
                "color": "green",
                "value": null
              }
            ]
          },
          "unit": "none"
        },
        "overrides": []
      },
      "gridPos": {
        "h": 9,
        "w": 4,
        "x": 20,
        "y": 20
      },
      "id": 17,
      "options": {
        "colorMode": "value",
        "graphMode": "area",
        "justifyMode": "auto",
        "orientation": "auto",
        "reduceOptions": {
          "calcs": [
            "lastNotNull"
          ],
          "fields": "",
          "values": false
        },
        "textMode": "auto"
      },
      "pluginVersion": "10.0.1",
      "targets": [
        {
          "datasource": {
            "type": "prometheus",
            "uid": "prom"
          },
          "editorMode": "code",
          "expr": "max_over_time(process_runtime_dotnet_thread_pool_queue_length{exported_job=\"$exported_job\", exported_instance=\"$exported_instance\"}[$__rate_interval])",
          "legendFormat": "ThreadPool Threads Queue Length",
          "range": true,
          "refId": "ThreadPool Threads Queue Length"
        }
      ],
      "title": "ThreadPool Threads Queue Length",
      "type": "stat"
    },
    {
      "collapsed": false,
      "gridPos": {
        "h": 1,
        "w": 24,
        "x": 0,
        "y": 29
      },
      "id": 33,
      "panels": [],
      "title": "HTTP Server",
      "type": "row"
    },
    {
      "datasource": {
        "type": "prometheus",
        "uid": "prom"
      },
      "fieldConfig": {
        "defaults": {
          "color": {
            "fixedColor": "dark-green",
            "mode": "continuous-GrYlRd",
            "seriesBy": "max"
          },
          "custom": {
            "axisCenteredZero": false,
            "axisColorMode": "text",
            "axisLabel": "",
            "axisPlacement": "auto",
            "barAlignment": 0,
            "drawStyle": "line",
            "fillOpacity": 50,
            "gradientMode": "opacity",
            "hideFrom": {
              "legend": false,
              "tooltip": false,
              "viz": false
            },
            "lineInterpolation": "smooth",
            "lineWidth": 1,
            "pointSize": 5,
            "scaleDistribution": {
              "type": "linear"
            },
            "showPoints": "never",
            "spanNulls": false,
            "stacking": {
              "group": "A",
              "mode": "none"
            },
            "thresholdsStyle": {
              "mode": "off"
            }
          },
          "mappings": [],
          "thresholds": {
            "mode": "absolute",
            "steps": [
              {
                "color": "green"
              }
            ]
          },
          "unit": "ms"
        },
        "overrides": []
      },
      "gridPos": {
        "h": 9,
        "w": 12,
        "x": 0,
        "y": 30
      },
      "id": 40,
      "options": {
        "legend": {
          "calcs": [
            "lastNotNull",
            "min",
            "max"
          ],
          "displayMode": "table",
          "placement": "right",
          "showLegend": true
        },
        "tooltip": {
          "mode": "multi",
          "sort": "none"
        }
      },
      "targets": [
        {
          "datasource": {
            "type": "prometheus",
            "uid": "prom"
          },
          "editorMode": "code",
          "expr": "histogram_quantile(0.50, sum(rate(http_server_duration_bucket{exported_job=\"$exported_job\", exported_instance=\"$exported_instance\"}[$__rate_interval])) by (le))",
          "legendFormat": "p50",
          "range": true,
          "refId": "p50"
        },
        {
          "datasource": {
            "type": "prometheus",
            "uid": "prom"
          },
          "editorMode": "code",
          "expr": "histogram_quantile(0.75, sum(rate(http_server_duration_bucket{exported_job=\"$exported_job\", exported_instance=\"$exported_instance\"}[$__rate_interval])) by (le))",
          "hide": false,
          "legendFormat": "p75",
          "range": true,
          "refId": "p75"
        },
        {
          "datasource": {
            "type": "prometheus",
            "uid": "prom"
          },
          "editorMode": "code",
          "expr": "histogram_quantile(0.90, sum(rate(http_server_duration_bucket{exported_job=\"$exported_job\", exported_instance=\"$exported_instance\"}[$__rate_interval])) by (le))",
          "hide": false,
          "legendFormat": "p90",
          "range": true,
          "refId": "p90"
        },
        {
          "datasource": {
            "type": "prometheus",
            "uid": "prom"
          },
          "editorMode": "code",
          "expr": "histogram_quantile(0.95, sum(rate(http_server_duration_bucket{exported_job=\"$exported_job\", exported_instance=\"$exported_instance\"}[$__rate_interval])) by (le))",
          "hide": false,
          "legendFormat": "p95",
          "range": true,
          "refId": "p95"
        },
        {
          "datasource": {
            "type": "prometheus",
            "uid": "prom"
          },
          "editorMode": "code",
          "expr": "histogram_quantile(0.98, sum(rate(http_server_duration_bucket{exported_job=\"$exported_job\", exported_instance=\"$exported_instance\"}[$__rate_interval])) by (le))",
          "hide": false,
          "legendFormat": "p98",
          "range": true,
          "refId": "p98"
        },
        {
          "datasource": {
            "type": "prometheus",
            "uid": "prom"
          },
          "editorMode": "code",
          "expr": "histogram_quantile(0.99, sum(rate(http_server_duration_bucket{exported_job=\"$exported_job\", exported_instance=\"$exported_instance\"}[$__rate_interval])) by (le))",
          "hide": false,
          "legendFormat": "p99",
          "range": true,
          "refId": "p99"
        },
        {
          "datasource": {
            "type": "prometheus",
            "uid": "prom"
          },
          "editorMode": "code",
          "expr": "histogram_quantile(0.999, sum(rate(http_server_duration_bucket{exported_job=\"$exported_job\", exported_instance=\"$exported_instance\"}[$__rate_interval])) by (le))",
          "hide": false,
          "legendFormat": "p99.9",
          "range": true,
          "refId": "p99.9"
        }
      ],
      "title": "Responses Duration",
      "type": "timeseries"
    },
    {
      "datasource": {
        "type": "prometheus",
        "uid": "prom"
      },
      "fieldConfig": {
        "defaults": {
          "color": {
            "mode": "palette-classic",
            "seriesBy": "max"
          },
          "custom": {
            "axisCenteredZero": false,
            "axisColorMode": "text",
            "axisLabel": "",
            "axisPlacement": "auto",
            "barAlignment": 0,
            "drawStyle": "line",
            "fillOpacity": 50,
            "gradientMode": "opacity",
            "hideFrom": {
              "legend": false,
              "tooltip": false,
              "viz": false
            },
            "lineInterpolation": "smooth",
            "lineWidth": 1,
            "pointSize": 5,
            "scaleDistribution": {
              "type": "linear"
            },
            "showPoints": "never",
            "spanNulls": false,
            "stacking": {
              "group": "A",
              "mode": "none"
            },
            "thresholdsStyle": {
              "mode": "off"
            }
          },
          "mappings": [],
          "thresholds": {
            "mode": "absolute",
            "steps": [
              {
                "color": "green"
              }
            ]
          },
          "unit": "percentunit"
        },
        "overrides": [
          {
            "matcher": {
              "id": "byName",
              "options": "All"
            },
            "properties": [
              {
                "id": "color",
                "value": {
                  "fixedColor": "dark-orange",
                  "mode": "fixed"
                }
              }
            ]
          },
          {
            "matcher": {
              "id": "byName",
              "options": "4XX"
            },
            "properties": [
              {
                "id": "color",
                "value": {
                  "fixedColor": "yellow",
                  "mode": "fixed"
                }
              }
            ]
          },
          {
            "matcher": {
              "id": "byName",
              "options": "5XX"
            },
            "properties": [
              {
                "id": "color",
                "value": {
                  "fixedColor": "dark-red",
                  "mode": "fixed"
                }
              }
            ]
          }
        ]
      },
      "gridPos": {
        "h": 9,
        "w": 12,
        "x": 12,
        "y": 30
      },
      "id": 47,
      "options": {
        "legend": {
          "calcs": [
            "lastNotNull",
            "min",
            "max"
          ],
          "displayMode": "table",
          "placement": "right",
          "showLegend": true
        },
        "tooltip": {
          "mode": "multi",
          "sort": "none"
        }
      },
      "targets": [
        {
          "datasource": {
            "type": "prometheus",
            "uid": "prom"
          },
          "editorMode": "code",
          "expr": "sum(rate(http_server_duration_count{exported_job=\"$exported_job\", exported_instance=\"$exported_instance\", http_status_code!~\"2..\"}[$__rate_interval]) or vector(0)) / sum(rate(http_server_duration_count{exported_job=\"$exported_job\", exported_instance=\"$exported_instance\"}[$__rate_interval]))",
          "legendFormat": "All",
          "range": true,
          "refId": "All"
        },
        {
          "datasource": {
            "type": "prometheus",
            "uid": "prom"
          },
          "editorMode": "code",
          "expr": "sum(rate(http_server_duration_count{exported_job=\"$exported_job\", exported_instance=\"$exported_instance\", http_status_code=~\"4..\"}[$__rate_interval]) or vector(0)) / sum(rate(http_server_duration_count{exported_job=\"$exported_job\", exported_instance=\"$exported_instance\"}[$__rate_interval]))",
          "hide": false,
          "legendFormat": "4XX",
          "range": true,
          "refId": "4XX"
        },
        {
          "datasource": {
            "type": "prometheus",
            "uid": "prom"
          },
          "editorMode": "code",
          "expr": "sum(rate(http_server_duration_count{exported_job=\"$exported_job\", exported_instance=\"$exported_instance\", http_status_code=~\"5..\"}[$__rate_interval]) or vector(0)) / sum(rate(http_server_duration_count{exported_job=\"$exported_job\", exported_instance=\"$exported_instance\"}[$__rate_interval]))",
          "hide": false,
          "legendFormat": "5XX",
          "range": true,
          "refId": "5XX"
        }
      ],
      "title": "Errors Rate",
      "type": "timeseries"
    },
    {
      "collapsed": false,
      "gridPos": {
        "h": 1,
        "w": 24,
        "x": 0,
        "y": 39
      },
      "id": 21,
      "panels": [],
      "repeat": "http_client_peer_name",
      "repeatDirection": "h",
      "title": "HTTP Client ($http_client_peer_name)",
      "type": "row"
    },
    {
      "datasource": {
        "type": "prometheus",
        "uid": "prom"
      },
      "fieldConfig": {
        "defaults": {
          "color": {
            "fixedColor": "dark-green",
            "mode": "continuous-GrYlRd",
            "seriesBy": "max"
          },
          "custom": {
            "axisCenteredZero": false,
            "axisColorMode": "text",
            "axisLabel": "",
            "axisPlacement": "auto",
            "barAlignment": 0,
            "drawStyle": "line",
            "fillOpacity": 50,
            "gradientMode": "opacity",
            "hideFrom": {
              "legend": false,
              "tooltip": false,
              "viz": false
            },
            "lineInterpolation": "smooth",
            "lineWidth": 1,
            "pointSize": 5,
            "scaleDistribution": {
              "type": "linear"
            },
            "showPoints": "never",
            "spanNulls": false,
            "stacking": {
              "group": "A",
              "mode": "none"
            },
            "thresholdsStyle": {
              "mode": "off"
            }
          },
          "mappings": [],
          "thresholds": {
            "mode": "absolute",
            "steps": [
              {
                "color": "green"
              }
            ]
          },
          "unit": "ms"
        },
        "overrides": []
      },
      "gridPos": {
        "h": 9,
        "w": 12,
        "x": 0,
        "y": 40
      },
      "id": 23,
      "options": {
        "legend": {
          "calcs": [
            "lastNotNull",
            "min",
            "max"
          ],
          "displayMode": "table",
          "placement": "right",
          "showLegend": true
        },
        "tooltip": {
          "mode": "multi",
          "sort": "none"
        }
      },
      "targets": [
        {
          "datasource": {
            "type": "prometheus",
            "uid": "prom"
          },
          "editorMode": "code",
          "expr": "histogram_quantile(0.50, sum(rate(http_client_duration_bucket{exported_job=\"$exported_job\", exported_instance=\"$exported_instance\", net_peer_name=\"$http_client_peer_name\"}[$__rate_interval])) by (le))",
          "legendFormat": "p50",
          "range": true,
          "refId": "p50"
        },
        {
          "datasource": {
            "type": "prometheus",
            "uid": "prom"
          },
          "editorMode": "code",
          "expr": "histogram_quantile(0.75, sum(rate(http_client_duration_bucket{exported_job=\"$exported_job\", exported_instance=\"$exported_instance\", net_peer_name=\"$http_client_peer_name\"}[$__rate_interval])) by (le))",
          "hide": false,
          "legendFormat": "p75",
          "range": true,
          "refId": "p75"
        },
        {
          "datasource": {
            "type": "prometheus",
            "uid": "prom"
          },
          "editorMode": "code",
          "expr": "histogram_quantile(0.90, sum(rate(http_client_duration_bucket{exported_job=\"$exported_job\", exported_instance=\"$exported_instance\", net_peer_name=\"$http_client_peer_name\"}[$__rate_interval])) by (le))",
          "hide": false,
          "legendFormat": "p90",
          "range": true,
          "refId": "p90"
        },
        {
          "datasource": {
            "type": "prometheus",
            "uid": "prom"
          },
          "editorMode": "code",
          "expr": "histogram_quantile(0.95, sum(rate(http_client_duration_bucket{exported_job=\"$exported_job\", exported_instance=\"$exported_instance\", net_peer_name=\"$http_client_peer_name\"}[$__rate_interval])) by (le))",
          "hide": false,
          "legendFormat": "p95",
          "range": true,
          "refId": "p95"
        },
        {
          "datasource": {
            "type": "prometheus",
            "uid": "prom"
          },
          "editorMode": "code",
          "expr": "histogram_quantile(0.98, sum(rate(http_client_duration_bucket{exported_job=\"$exported_job\", exported_instance=\"$exported_instance\", net_peer_name=\"$http_client_peer_name\"}[$__rate_interval])) by (le))",
          "hide": false,
          "legendFormat": "p98",
          "range": true,
          "refId": "p98"
        },
        {
          "datasource": {
            "type": "prometheus",
            "uid": "prom"
          },
          "editorMode": "code",
          "expr": "histogram_quantile(0.99, sum(rate(http_client_duration_bucket{exported_job=\"$exported_job\", exported_instance=\"$exported_instance\", net_peer_name=\"$http_client_peer_name\"}[$__rate_interval])) by (le))",
          "hide": false,
          "legendFormat": "p99",
          "range": true,
          "refId": "p99"
        },
        {
          "datasource": {
            "type": "prometheus",
            "uid": "prom"
          },
          "editorMode": "code",
          "expr": "histogram_quantile(0.999, sum(rate(http_client_duration_bucket{exported_job=\"$exported_job\", exported_instance=\"$exported_instance\", net_peer_name=\"$http_client_peer_name\"}[$__rate_interval])) by (le))",
          "hide": false,
          "legendFormat": "p99.9",
          "range": true,
          "refId": "p99.9"
        }
      ],
      "title": "Requests Duration",
      "type": "timeseries"
    },
    {
      "datasource": {
        "type": "prometheus",
        "uid": "prom"
      },
      "fieldConfig": {
        "defaults": {
          "color": {
            "mode": "palette-classic",
            "seriesBy": "max"
          },
          "custom": {
            "axisCenteredZero": false,
            "axisColorMode": "text",
            "axisLabel": "",
            "axisPlacement": "auto",
            "barAlignment": 0,
            "drawStyle": "line",
            "fillOpacity": 50,
            "gradientMode": "opacity",
            "hideFrom": {
              "legend": false,
              "tooltip": false,
              "viz": false
            },
            "lineInterpolation": "smooth",
            "lineWidth": 1,
            "pointSize": 5,
            "scaleDistribution": {
              "type": "linear"
            },
            "showPoints": "never",
            "spanNulls": false,
            "stacking": {
              "group": "A",
              "mode": "none"
            },
            "thresholdsStyle": {
              "mode": "off"
            }
          },
          "mappings": [],
          "thresholds": {
            "mode": "absolute",
            "steps": [
              {
                "color": "green"
              }
            ]
          },
          "unit": "percentunit"
        },
        "overrides": [
          {
            "matcher": {
              "id": "byName",
              "options": "All"
            },
            "properties": [
              {
                "id": "color",
                "value": {
                  "fixedColor": "dark-orange",
                  "mode": "fixed"
                }
              }
            ]
          },
          {
            "matcher": {
              "id": "byName",
              "options": "4XX"
            },
            "properties": [
              {
                "id": "color",
                "value": {
                  "fixedColor": "light-yellow",
                  "mode": "fixed"
                }
              }
            ]
          },
          {
            "matcher": {
              "id": "byName",
              "options": "5XX"
            },
            "properties": [
              {
                "id": "color",
                "value": {
                  "fixedColor": "dark-red",
                  "mode": "fixed"
                }
              }
            ]
          }
        ]
      },
      "gridPos": {
        "h": 9,
        "w": 12,
        "x": 12,
        "y": 40
      },
      "id": 25,
      "options": {
        "legend": {
          "calcs": [
            "lastNotNull",
            "min",
            "max"
          ],
          "displayMode": "table",
          "placement": "right",
          "showLegend": true
        },
        "tooltip": {
          "mode": "multi",
          "sort": "none"
        }
      },
      "targets": [
        {
          "datasource": {
            "type": "prometheus",
            "uid": "prom"
          },
          "editorMode": "code",
          "expr": "sum(rate(http_client_duration_bucket{exported_job=\"$exported_job\", exported_instance=\"$exported_instance\", net_peer_name=\"$http_client_peer_name\", http_status_code!~\"2..\"}[$__rate_interval]) or vector(0)) / sum(rate(http_client_duration_bucket{exported_job=\"$exported_job\", exported_instance=\"$exported_instance\", net_peer_name=\"$http_client_peer_name\"}[$__rate_interval]))",
          "legendFormat": "All",
          "range": true,
          "refId": "All"
        },
        {
          "datasource": {
            "type": "prometheus",
            "uid": "prom"
          },
          "editorMode": "code",
          "expr": "sum(rate(http_client_duration_bucket{exported_job=\"$exported_job\", exported_instance=\"$exported_instance\", net_peer_name=\"$http_client_peer_name\", http_status_code=~\"4..\"}[$__rate_interval]) or vector(0)) / sum(rate(http_client_duration_bucket{exported_job=\"$exported_job\", exported_instance=\"$exported_instance\", net_peer_name=\"$http_client_peer_name\"}[$__rate_interval]))",
          "hide": false,
          "legendFormat": "4XX",
          "range": true,
          "refId": "4XX"
        },
        {
          "datasource": {
            "type": "prometheus",
            "uid": "prom"
          },
          "editorMode": "code",
          "expr": "sum(rate(http_client_duration_bucket{exported_job=\"$exported_job\", exported_instance=\"$exported_instance\", net_peer_name=\"$http_client_peer_name\", http_status_code=~\"5..\"}[$__rate_interval]) or vector(0)) / sum(rate(http_client_duration_bucket{exported_job=\"$exported_job\", exported_instance=\"$exported_instance\", net_peer_name=\"$http_client_peer_name\"}[$__rate_interval]))",
          "hide": false,
          "legendFormat": "5XX",
          "range": true,
          "refId": "5XX"
        }
      ],
      "title": "Errors Rate",
      "type": "timeseries"
    }
  ],
  "refresh": "1m",
  "schemaVersion": 38,
  "style": "dark",
  "tags": [],
  "templating": {
    "list": [
      {
        "current": {
          "selected": false,
          "text": "FST.TAG.Manager",
          "value": "FST.TAG.Manager"
        },
        "datasource": {
          "type": "prometheus",
          "uid": "prom"
        },
        "definition": "label_values(process_runtime_dotnet_gc_collections_count,exported_job)",
        "hide": 0,
        "includeAll": false,
        "label": "Job",
        "multi": false,
        "name": "exported_job",
        "options": [],
        "query": {
          "query": "label_values(process_runtime_dotnet_gc_collections_count,exported_job)",
          "refId": "PrometheusVariableQueryEditor-VariableQuery"
        },
        "refresh": 2,
        "regex": "",
        "skipUrlSync": false,
        "sort": 1,
        "type": "query"
      },
      {
        "current": {
          "selected": false,
          "text": "39230ae2-5527-47b3-b546-6f8d4cfc9ab0",
          "value": "39230ae2-5527-47b3-b546-6f8d4cfc9ab0"
        },
        "datasource": {
          "type": "prometheus",
          "uid": "prom"
        },
        "definition": "label_values(process_runtime_dotnet_gc_collections_count{exported_job=~\"$exported_job\"},exported_instance)",
        "hide": 0,
        "includeAll": false,
        "label": "Instance",
        "multi": false,
        "name": "exported_instance",
        "options": [],
        "query": {
          "query": "label_values(process_runtime_dotnet_gc_collections_count{exported_job=~\"$exported_job\"},exported_instance)",
          "refId": "PrometheusVariableQueryEditor-VariableQuery"
        },
        "refresh": 2,
        "regex": "",
        "skipUrlSync": false,
        "sort": 1,
        "type": "query"
      },
      {
        "current": {
          "selected": false,
          "text": "All",
          "value": "$__all"
        },
        "datasource": {
          "type": "prometheus",
          "uid": "prom"
        },
        "definition": "label_values(http_client_duration_bucket{exported_job=~\"$exported_job\",exported_instance=~\"$exported_instance\"},net_peer_name)",
        "hide": 2,
        "includeAll": true,
        "label": "HTTP Client Pear Name",
        "multi": false,
        "name": "http_client_peer_name",
        "options": [],
        "query": {
          "query": "label_values(http_client_duration_bucket{exported_job=~\"$exported_job\",exported_instance=~\"$exported_instance\"},net_peer_name)",
          "refId": "PrometheusVariableQueryEditor-VariableQuery"
        },
        "refresh": 2,
        "regex": "",
        "skipUrlSync": false,
        "sort": 5,
        "type": "query"
      }
    ]
  },
  "time": {
    "from": "now-5m",
    "to": "now"
  },
  "timepicker": {},
  "timezone": "",
  "title": "ASP.NET OTEL Metrics",
  "uid": "bc47b423-0b3c-4538-8e20-f84f84deefe5",
  "version": 6,
  "weekStart": ""
}