{
  "runtime": "Net80",
  "defaultVariables": null,
  "documentGenerator": {
    "fromDocument": {
      "json": "",
      "url": "https://localhost:7000/swagger/v1/swagger.json",
      "output": null,
      "newLineBehavior": "Auto"
    }
  },
  "codeGenerators": {
    "openApiToCSharpClient": {
      "clientBaseClass": null,
      "configurationClass": null,
      "generateClientClasses": true,
      "generateClientInterfaces": true,
      "injectHttpClient": true,
      "disposeHttpClient": false,
      "protectedMethods": [],
      "generateExceptionClasses": true,
      "exceptionClass": "ApiException",
      "wrapDtoExceptions": true,
      "useHttpClientCreationMethod": false,
      "httpClientType": "System.Net.Http.HttpClient",
      "useHttpRequestMessageCreationMethod": false,
      "useBaseUrl": false,
      "generateBaseUrlProperty": true,
      "generateSyncMethods": false,
      "generatePrepareRequestAndProcessResponseAsAsyncMethods": false,
      "exposeJsonSerializerSettings": false,
      "clientClassAccessModifier": "public",
      "typeAccessModifier": "public",
      "generateContractsOutput": false,
      "contractsNamespace": null,
      "contractsOutputFilePath": null,
      "parameterDateTimeFormat": "s",
      "parameterDateFormat": "yyyy-MM-dd",
      "generateUpdateJsonSerializerSettingsMethod": true,
      "useRequestAndResponseSerializationSettings": false,
      "serializeTypeInformation": false,
      "queryNullValue": "",
      "className": "ApiClient",
      "operationGenerationMode": "MultipleClientsFromOperationId",
      "additionalNamespaceUsages": [],
      "additionalContractNamespaceUsages": [],
      "generateOptionalParameters": false,
      "generateJsonMethods": false,
      "enforceFlagEnums": false,
      "parameterArrayType": "System.Collections.Generic.IEnumerable",
      "parameterDictionaryType": "System.Collections.Generic.IDictionary",
      "responseArrayType": "System.Collections.Generic.ICollection",
      "responseDictionaryType": "System.Collections.Generic.IDictionary",
      "wrapResponses": false,
      "wrapResponseMethods": [],
      "generateResponseClasses": true,
      "responseClass": "SwaggerResponse",
      "namespace": "FSH.Starter.Blazor.Infrastructure.Api",
      "requiredPropertiesMustBeDefined": true,
      "dateType": "System.DateTimeOffset",
      "jsonConverters": null,
      "anyType": "object",
      "dateTimeType": "System.DateTime",
      "timeType": "System.TimeSpan",
      "timeSpanType": "System.TimeSpan",
      "arrayType": "System.Collections.Generic.ICollection",
      "arrayInstanceType": "System.Collections.ObjectModel.Collection",
      "dictionaryType": "System.Collections.Generic.IDictionary",
      "dictionaryInstanceType": "System.Collections.Generic.Dictionary",
      "arrayBaseType": "System.Collections.ObjectModel.Collection",
      "dictionaryBaseType": "System.Collections.Generic.Dictionary",
      "classStyle": "Poco",
      "jsonLibrary": "SystemTextJson",
      "generateDefaultValues": true,
      "generateDataAnnotations": true,
      "excludedTypeNames": [],
      "excludedParameterNames": [],
      "handleReferences": false,
      "generateImmutableArrayProperties": false,
      "generateImmutableDictionaryProperties": false,
      "jsonSerializerSettingsTransformationMethod": null,
      "inlineNamedArrays": false,
      "inlineNamedDictionaries": false,
      "inlineNamedTuples": true,
      "inlineNamedAny": false,
      "generateDtoTypes": true,
      "generateOptionalPropertiesAsNullable": false,
      "generateNullableReferenceTypes": true,
      "templateDirectory": null,
      "typeNameGeneratorType": null,
      "propertyNameGeneratorType": null,
      "enumNameGeneratorType": null,
      "serviceHost": null,
      "serviceSchemes": null,
      "output": "ApiClient.cs",
      "newLineBehavior": "Auto"
    }
  }
}