{
  "Routes": [
    //Movie API -- https://localhost:5001/api/movies
    {
      "DownstreamPathTemplate": "/api/movies",
      "DownstreamScheme": "https",
      "DownstreamHostAndPorts": [
        {
          "Host": "localhost",
          "Port": "5001"
        }
      ],
      "UpstreamPathTemplate": "/movies",
      "UpstreamHttpMethod": [ "GET", "POST", "PUT" ],
      "AuthenticationOptions": {
        "AuthenticationProviderKey": "IdentityApiKey",
        "AllowedScopes": []
      }
    }
  ]
}